"Data","Último","Abertura","Máxima","Mínima","Vol.","Var%"
"17.05.2024","36,69","37,31","37,42","36,52","66,95M","-1,66%"
"16.05.2024","37,31","38,32","38,65","37,25","83,17M","-2,84%"
"15.05.2024","38,40","37,56","38,81","37,52","130,92M","-6,04%"
"14.05.2024","40,87","40,69","41,30","40,17","53,51M","-1,80%"
"13.05.2024","41,62","41,75","41,93","41,51","18,29M","0,10%"
"10.05.2024","41,58","41,82","42,09","41,50","27,90M","-0,22%"
"09.05.2024","41,67","41,06","41,79","40,97","27,10M","0,97%"
"08.05.2024","41,27","40,37","41,32","40,31","25,15M","1,53%"
"07.05.2024","40,65","40,25","40,65","40,07","23,61M","1,22%"
"06.05.2024","40,16","39,88","40,36","39,76","22,87M","0,68%"
"03.05.2024","39,89","40,68","40,69","39,46","45,00M","-5,43%"
"02.05.2024","42,18","42,24","42,38","41,84","33,11M","0,38%"
"30.04.2024","42,02","42,01","42,21","41,66","36,52M","-0,31%"
"29.04.2024","42,15","41,48","42,15","41,32","27,74M","1,79%"
"26.04.2024","41,41","41,29","41,78","41,07","31,68M","0,70%"
"25.04.2024","41,12","40,32","41,37","40,01","65,99M","2,40%"
"24.04.2024","40,16","40,47","40,90","40,14","45,11M","-0,46%"
"23.04.2024","40,34","40,32","40,55","39,89","35,37M","-0,19%"
"22.04.2024","40,42","39,70","40,51","39,47","51,62M","-0,27%"
"19.04.2024","40,53","40,05","41,07","39,84","80,35M","1,71%"
"18.04.2024","39,85","40,00","40,59","39,65","45,01M","0,18%"
"17.04.2024","39,78","39,49","39,95","39,34","39,03M","0,73%"
"16.04.2024","39,49","39,01","39,71","38,95","37,10M","0,46%"
"15.04.2024","39,31","38,90","39,45","38,64","28,56M","0,95%"
"12.04.2024","38,94","39,72","40,05","38,70","39,57M","-0,92%"
"11.04.2024","39,30","39,60","39,76","39,20","33,00M","-0,73%"
"10.04.2024","39,59","38,73","39,73","38,66","55,68M","2,22%"
"09.04.2024","38,73","38,90","39,14","38,06","36,72M","0,26%"
"08.04.2024","38,63","38,03","39,06","37,73","36,22M","1,39%"
"05.04.2024","38,10","37,90","38,57","37,17","65,41M","0,58%"
"04.04.2024","37,88","38,47","39,48","37,43","165,57M","-1,41%"
"03.04.2024","38,42","38,70","39,01","38,22","31,38M","-0,52%"
"02.04.2024","38,62","37,82","38,65","37,77","45,76M","2,58%"
"01.04.2024","37,65","37,50","37,71","37,21","23,52M","0,78%"
"28.03.2024","37,36","36,50","37,52","36,47","31,84M","2,22%"
"27.03.2024","36,55","36,28","36,66","36,12","19,25M","0,80%"
"26.03.2024","36,26","36,67","36,67","36,17","24,73M","-0,93%"
"25.03.2024","36,60","36,18","36,83","36,16","26,80M","1,44%"
"23.03.2024","36,08","36,08","36,08","36,08","","0,08%"
"22.03.2024","36,05","35,90","36,22","35,43","34,33M","0,98%"
"21.03.2024","35,70","36,85","37,06","35,68","46,90M","-2,72%"
"20.03.2024","36,70","36,23","36,74","35,81","38,80M","1,75%"
"19.03.2024","36,07","36,39","36,85","35,56","48,35M","-0,74%"
"18.03.2024","36,34","36,41","36,72","35,50","35,15M","0,06%"
"15.03.2024","36,32","36,30","36,45","35,94","58,76M","0,28%"
"14.03.2024","36,22","36,74","36,92","36,15","39,70M","-0,44%"
"13.03.2024","36,38","36,90","37,33","36,31","44,74M","-1,19%"
"12.03.2024","36,82","36,35","37,23","36,16","75,94M","3,28%"
"11.03.2024","35,65","35,67","37,74","35,30","126,41M","-1,30%"
"08.03.2024","36,12","35,90","37,06","35,10","230,31M","-10,57%"
"07.03.2024","40,39","40,64","40,94","40,28","50,20M","-1,10%"
"06.03.2024","40,84","40,20","40,84","40,11","45,48M","2,20%"
"05.03.2024","39,96","40,10","40,37","39,61","30,29M","-0,30%"
"04.03.2024","40,08","40,27","40,75","40,02","21,99M","-0,25%"
"01.03.2024","40,18","40,35","40,85","40,14","31,24M","0,10%"
"29.02.2024","40,14","40,59","41,24","39,85","61,90M","-0,72%"
"28.02.2024","40,43","42,52","42,94","39,83","112,32M","-5,16%"
"27.02.2024","42,63","42,70","42,82","42,38","27,68M","-0,14%"
"26.02.2024","42,69","41,90","42,73","41,83","25,89M","1,89%"
"23.02.2024","41,90","42,14","42,24","41,61","43,89M","-0,69%"
"22.02.2024","42,19","42,67","42,68","41,80","32,16M","-0,75%"
"21.02.2024","42,51","42,45","42,72","42,13","20,87M","0,14%"
"20.02.2024","42,45","42,77","42,82","42,10","42,38M","-1,05%"
"19.02.2024","42,90","42,76","42,94","42,56","12,83M","0,49%"
"16.02.2024","42,69","42,09","42,89","42,06","37,19M","0,92%"
"15.02.2024","42,30","41,01","42,30","40,85","33,25M","3,20%"
"14.02.2024","40,99","41,10","41,40","40,86","18,32M","-0,75%"
"09.02.2024","41,30","42,14","42,33","41,30","30,35M","-1,34%"
"08.02.2024","41,86","42,30","42,45","41,86","25,59M","-0,81%"
"07.02.2024","42,20","41,52","42,20","41,42","30,65M","1,47%"
"06.02.2024","41,59","41,45","42,35","41,27","35,47M","0,92%"
"05.02.2024","41,21","41,01","41,68","40,93","27,70M","0,44%"
"02.02.2024","41,03","41,58","41,78","41,02","36,49M","-1,30%"
"01.02.2024","41,57","40,78","41,88","40,67","61,63M","2,77%"
"31.01.2024","40,45","40,23","41,24","40,18","58,49M","0,32%"
"30.01.2024","40,32","40,17","40,74","40,05","34,83M","-0,62%"
"29.01.2024","40,57","40,00","40,59","39,83","30,55M","1,53%"
"26.01.2024","39,96","39,10","40,09","38,91","41,38M","1,73%"
"25.01.2024","39,28","38,26","39,28","38,13","48,66M","3,70%"
"24.01.2024","37,88","38,29","38,54","37,77","25,42M","-0,76%"
"23.01.2024","38,17","37,84","38,37","37,43","32,50M","1,25%"
"22.01.2024","37,70","37,50","37,81","37,23","22,75M","0,45%"
"19.01.2024","37,53","37,81","37,90","37,23","30,97M","-0,53%"
"18.01.2024","37,73","38,14","38,14","37,56","22,99M","-0,40%"
"17.01.2024","37,88","37,97","38,15","37,82","27,58M","-0,58%"
"16.01.2024","38,10","38,61","38,79","38,08","31,28M","-1,24%"
"15.01.2024","38,58","37,99","38,62","37,86","13,82M","1,07%"
"12.01.2024","38,17","38,50","38,73","38,17","24,48M","0,26%"
"11.01.2024","38,07","37,98","38,15","37,70","26,56M","0,85%"
"10.01.2024","37,75","38,10","38,27","37,51","27,38M","-0,92%"
"09.01.2024","38,10","38,67","38,75","38,03","27,28M","-0,86%"
"08.01.2024","38,43","38,38","38,43","37,61","35,16M","-0,75%"
"05.01.2024","38,72","38,87","39,14","38,41","35,78M","0,23%"
"04.01.2024","38,63","39,12","39,35","38,51","45,34M","-0,85%"
"03.01.2024","38,96","37,80","39,12","37,67","52,30M","3,12%"
"02.01.2024","37,78","37,44","37,89","37,40","24,04M","1,45%"
"28.12.2023","37,24","37,23","37,36","37,04","21,42M","-0,32%"
"27.12.2023","37,36","37,32","37,43","37,13","19,59M","0,08%"
"26.12.2023","37,33","36,86","37,37","36,83","23,47M","1,61%"
"22.12.2023","36,74","36,50","36,80","36,37","31,23M","0,96%"
"21.12.2023","36,39","36,67","36,68","36,07","30,51M","0,03%"
"20.12.2023","36,38","36,37","36,74","36,29","38,95M","0,36%"
"19.12.2023","36,25","35,96","36,25","35,81","32,18M","1,14%"
"18.12.2023","35,84","35,75","36,30","35,58","44,47M","1,24%"
"15.12.2023","35,40","35,28","35,79","35,00","56,30M","0,23%"
"14.12.2023","35,32","35,00","35,74","34,84","57,95M","2,17%"
"13.12.2023","34,57","34,21","34,62","34,14","38,99M","1,44%"
"12.12.2023","34,08","34,55","34,60","33,80","30,37M","-0,81%"
"11.12.2023","34,36","34,46","34,69","34,24","30,61M","-0,38%"
"08.12.2023","34,49","33,71","34,54","33,48","53,29M","3,20%"
"07.12.2023","33,42","33,65","34,18","33,04","64,72M","-0,24%"
"06.12.2023","33,50","34,55","34,80","33,50","64,18M","-3,60%"
"05.12.2023","34,75","34,92","35,17","34,68","43,23M","-0,46%"
"04.12.2023","34,91","35,44","35,55","34,85","35,60M","-2,13%"
"01.12.2023","35,67","35,72","36,00","35,53","36,39M","-0,67%"
"30.11.2023","35,91","35,46","35,92","35,24","58,81M","1,93%"
"29.11.2023","35,23","35,90","36,03","34,94","37,53M","-1,04%"
"28.11.2023","35,60","35,17","35,62","35,15","36,88M","1,51%"
"27.11.2023","35,07","35,00","35,40","34,75","37,00M","-0,57%"
"24.11.2023","35,27","34,98","35,82","34,71","53,46M","0,28%"
"23.11.2023","35,17","35,13","35,25","34,81","24,07M","0,03%"
"22.11.2023","35,16","34,90","35,16","34,25","58,58M","0,00%"
"21.11.2023","35,16","35,19","35,19","34,59","49,60M","-0,65%"
"20.11.2023","35,39","35,42","35,85","34,93","67,80M","0,08%"
"17.11.2023","35,36","34,51","35,56","34,50","85,90M","3,26%"
"16.11.2023","34,24","34,65","35,15","34,19","72,36M","-1,74%"
"14.11.2023","34,85","34,38","34,91","34,18","50,89M","1,37%"
"13.11.2023","34,38","33,40","34,43","33,39","44,12M","2,79%"
"10.11.2023","33,44","33,38","33,77","33,24","40,00M","-0,46%"
"09.11.2023","33,60","33,23","33,86","33,09","56,23M","2,08%"
"08.11.2023","32,91","33,33","33,52","32,66","59,74M","-2,15%"
"07.11.2023","33,63","33,78","34,12","33,38","48,92M","-1,66%"
"06.11.2023","34,20","34,42","34,80","34,20","33,58M","-0,08%"
"03.11.2023","34,23","34,47","34,57","33,76","30,85M","1,20%"
"01.11.2023","33,83","33,73","34,23","33,61","45,90M","1,09%"
"31.10.2023","33,46","33,72","33,88","33,22","36,76M","-0,97%"
"30.10.2023","33,79","34,27","34,40","33,58","31,22M","-1,02%"
"27.10.2023","34,13","34,88","35,12","33,87","45,72M","-0,73%"
"26.10.2023","34,39","34,53","34,61","33,86","47,63M","-1,03%"
"25.10.2023","34,74","34,75","34,94","34,43","32,74M","0,53%"
"24.10.2023","34,56","34,34","34,86","33,87","78,51M","1,50%"
"23.10.2023","34,05","35,24","35,44","33,96","103,83M","-6,61%"
"20.10.2023","36,46","37,26","37,43","36,01","65,99M","-1,28%"
"19.10.2023","36,93","36,95","37,05","36,52","55,89M","-0,47%"
"18.10.2023","37,10","36,59","37,19","36,51","85,74M","2,26%"
"17.10.2023","36,28","35,35","36,28","35,28","68,35M","2,70%"
"16.10.2023","35,33","35,06","35,44","34,64","49,44M","1,10%"
"13.10.2023","34,94","34,47","35,02","34,46","66,76M","3,30%"
"11.10.2023","33,83","33,85","33,95","33,22","41,30M","-0,26%"
"10.10.2023","33,91","33,61","34,04","33,46","48,14M","0,74%"
"09.10.2023","33,66","32,89","33,79","32,84","77,28M","4,30%"
"06.10.2023","32,28","31,40","32,57","31,14","47,91M","2,38%"
"05.10.2023","31,52","31,31","31,73","31,10","35,24M","0,34%"
"04.10.2023","31,42","32,36","32,47","31,20","88,01M","-3,97%"
"03.10.2023","32,72","32,72","32,97","32,39","37,64M","-0,44%"
"02.10.2023","32,86","33,28","33,49","32,68","34,26M","-1,50%"
"29.09.2023","33,36","33,23","33,41","32,99","40,06M","0,55%"
"28.09.2023","33,18","33,18","33,27","32,95","30,68M","-0,20%"
"27.09.2023","33,25","32,61","33,25","32,54","53,54M","3,17%"
"26.09.2023","32,23","32,75","32,83","32,23","60,54M","-2,31%"
"25.09.2023","32,99","32,70","33,07","32,68","26,65M","0,65%"
"22.09.2023","32,78","32,77","32,93","32,56","30,94M","0,80%"
"21.09.2023","32,52","32,75","33,03","32,39","60,00M","-1,55%"
"20.09.2023","33,03","32,89","33,34","32,76","38,95M","0,23%"
"19.09.2023","32,95","32,95","33,34","32,82","43,11M","0,23%"
"18.09.2023","32,87","32,75","33,43","32,60","52,27M","0,71%"
"15.09.2023","32,64","32,62","32,74","32,37","54,12M","0,06%"
"14.09.2023","32,62","31,88","32,75","31,88","46,43M","2,54%"
"13.09.2023","31,81","32,41","32,46","31,81","47,45M","-1,49%"
"12.09.2023","32,30","32,31","32,54","32,26","31,86M","0,48%"
"11.09.2023","32,14","32,24","32,45","32,10","30,21M","-3,51%"
"09.09.2023","33,31","33,31","33,31","33,31","","3,54%"
"08.09.2023","32,17","32,25","32,43","32,03","38,83M","-0,36%"
"06.09.2023","32,29","32,12","32,56","32,00","57,66M","0,45%"
"05.09.2023","32,14","31,08","32,26","31,03","74,91M","3,34%"
"04.09.2023","31,10","31,48","31,51","31,02","21,57M","-1,04%"
"01.09.2023","31,43","31,02","31,49","30,78","49,98M","2,16%"
"31.08.2023","30,76","31,51","31,58","30,71","48,82M","-2,08%"
"30.08.2023","31,42","31,22","31,50","31,11","34,57M","0,68%"
"29.08.2023","31,21","31,21","31,30","30,81","40,46M","0,22%"
"28.08.2023","31,14","30,92","31,15","30,69","24,89M","1,13%"
"25.08.2023","30,79","31,19","31,27","30,63","33,99M","-0,68%"
"24.08.2023","31,00","31,08","31,51","30,67","49,24M","-0,16%"
"23.08.2023","31,05","30,05","31,05","29,94","94,94M","5,33%"
"22.08.2023","29,48","29,38","29,48","29,13","31,15M","1,52%"
"21.08.2023","29,04","29,41","29,72","28,73","41,89M","-0,70%"
"18.08.2023","29,24","29,14","29,39","28,93","45,16M","0,25%"
"17.08.2023","29,17","29,46","29,87","29,05","57,38M","-0,32%"
"16.08.2023","29,26","28,76","29,67","28,65","74,21M","2,20%"
"15.08.2023","28,63","29,74","29,83","28,62","87,10M","0,72%"
"14.08.2023","28,43","28,28","28,52","28,08","27,85M","0,26%"
"11.08.2023","28,35","28,40","28,80","27,98","39,29M","-0,23%"
"10.08.2023","28,42","28,11","28,63","27,95","53,21M","0,56%"
"09.08.2023","28,26","28,03","28,50","27,98","48,45M","0,79%"
"08.08.2023","28,04","27,75","28,20","27,57","34,69M","0,10%"
"07.08.2023","28,01","27,70","28,30","27,70","44,78M","0,63%"
"04.08.2023","27,83","28,48","28,89","27,59","120,37M","-2,98%"
"03.08.2023","28,69","28,70","28,88","28,41","57,04M","1,28%"
"02.08.2023","28,33","28,31","28,37","27,65","61,56M","-0,23%"
"01.08.2023","28,39","28,85","28,85","27,79","75,63M","-1,64%"
"31.07.2023","28,86","28,11","28,90","28,11","90,93M","4,54%"
"28.07.2023","27,61","27,31","27,79","27,20","43,45M","1,26%"
"27.07.2023","27,27","28,62","28,66","27,26","85,96M","-5,19%"
"26.07.2023","28,76","28,72","28,97","28,42","45,66M","0,00%"
"25.07.2023","28,76","28,30","28,81","28,02","56,19M","2,31%"
"24.07.2023","28,11","27,65","28,21","27,61","45,10M","2,09%"
"21.07.2023","27,54","27,05","27,70","27,03","51,46M","1,89%"
"20.07.2023","27,03","26,97","27,23","26,79","33,10M","0,10%"
"19.07.2023","27,00","26,73","27,03","26,51","46,40M","0,94%"
"18.07.2023","26,75","26,91","27,09","26,64","35,48M","-0,55%"
"17.07.2023","26,90","26,36","26,99","25,93","52,04M","-0,21%"
"14.07.2023","26,95","27,37","27,44","26,78","34,18M","-1,96%"
"13.07.2023","27,49","26,97","27,57","26,94","35,74M","1,58%"
"12.07.2023","27,06","27,09","27,62","27,04","39,97M","0,07%"
"11.07.2023","27,05","27,40","27,40","26,91","40,59M","-1,35%"
"10.07.2023","27,42","27,01","27,53","26,92","25,39M","0,17%"
"07.07.2023","27,37","27,61","28,02","27,24","55,19M","-0,51%"
"06.07.2023","27,51","27,69","27,83","27,05","47,56M","-1,53%"
"05.07.2023","27,94","27,98","28,34","27,52","53,46M","-0,13%"
"04.07.2023","27,97","27,80","28,20","27,80","18,20M","0,23%"
"03.07.2023","27,91","27,57","28,00","27,57","31,18M","1,86%"
"30.06.2023","27,40","28,76","28,84","27,20","103,74M","-4,83%"
"29.06.2023","28,79","28,76","28,87","28,54","31,77M","0,45%"
"28.06.2023","28,66","28,37","28,93","28,34","36,68M","0,95%"
"27.06.2023","28,39","28,70","28,95","28,15","48,28M","-0,78%"
"26.06.2023","28,61","27,95","28,81","27,95","53,46M","2,25%"
"23.06.2023","27,98","28,95","29,02","27,73","75,66M","-4,10%"
"22.06.2023","29,18","29,19","29,40","28,84","42,91M","-1,26%"
"21.06.2023","29,55","28,70","29,69","28,62","88,87M","4,19%"
"20.06.2023","28,36","28,11","28,53","27,74","55,47M","0,49%"
"19.06.2023","28,22","27,49","28,26","27,42","34,45M","2,63%"
"16.06.2023","27,50","27,12","27,76","26,94","94,34M","0,85%"
"15.06.2023","27,27","28,02","28,62","27,17","120,30M","-2,36%"
"14.06.2023","27,93","26,85","27,93","26,79","97,89M","4,30%"
"13.06.2023","26,78","27,13","27,13","26,53","78,94M","-0,20%"
"12.06.2023","26,83","26,31","26,99","26,16","118,83M","1,75%"
"09.06.2023","26,37","25,34","26,46","25,27","79,44M","4,88%"
"07.06.2023","25,14","24,95","25,30","24,76","81,81M","2,92%"
"06.06.2023","24,43","23,90","24,60","23,69","75,24M","2,11%"
"05.06.2023","23,92","23,98","24,00","23,71","39,01M","1,07%"
"02.06.2023","23,67","23,89","24,03","23,61","39,68M","0,82%"
"01.06.2023","23,48","22,90","23,51","22,78","62,97M","3,22%"
"31.05.2023","22,74","22,88","22,95","22,53","48,88M","-1,02%"
"30.05.2023","22,98","23,27","23,34","22,87","45,65M","-1,12%"
"29.05.2023","23,24","23,29","23,35","23,13","17,92M","-0,41%"
"26.05.2023","23,34","23,35","23,43","23,10","39,81M","1,32%"
"25.05.2023","23,03","23,34","23,37","22,81","49,03M","-0,75%"
"24.05.2023","23,21","22,86","23,42","22,68","54,64M","1,52%"
"23.05.2023","22,86","22,34","23,01","22,22","57,84M","2,46%"
"22.05.2023","22,31","22,54","22,65","22,20","37,76M","-1,16%"
"19.05.2023","22,57","22,71","22,80","22,33","68,06M","0,43%"
"18.05.2023","22,47","22,28","22,51","22,07","62,82M","0,58%"
"17.05.2023","22,34","23,16","23,30","22,21","106,83M","-2,43%"
"16.05.2023","22,90","22,74","23,54","22,71","117,20M","2,49%"
"15.05.2023","22,34","22,69","22,77","22,12","81,86M","-2,25%"
"12.05.2023","22,86","22,27","23,28","22,19","117,05M","3,22%"
"11.05.2023","22,14","21,01","22,19","20,84","136,31M","3,67%"
"10.05.2023","21,36","21,41","21,61","21,19","41,35M","-0,24%"
"09.05.2023","21,41","21,26","21,60","21,11","33,71M","0,33%"
"08.05.2023","21,34","21,29","21,45","21,08","59,18M","-11,40%"
"06.05.2023","24,09","24,09","24,09","24,09","","15,27%"
"05.05.2023","20,90","20,29","21,05","20,18","83,12M","4,26%"
"04.05.2023","20,05","19,93","20,36","19,69","57,77M","1,59%"
"03.05.2023","19,73","19,68","20,02","19,52","50,97M","-0,35%"
"02.05.2023","19,80","20,64","20,67","19,71","67,56M","-4,05%"
"28.04.2023","20,64","20,55","20,94","20,16","80,81M","1,48%"
"27.04.2023","20,34","20,92","21,18","20,19","115,10M","-2,43%"
"26.04.2023","20,84","21,13","21,21","20,84","39,88M","-1,26%"
"25.04.2023","21,11","21,16","21,43","20,82","53,64M","-0,40%"
"24.04.2023","21,19","20,73","21,24","20,65","43,70M","1,91%"
"20.04.2023","20,80","20,66","21,02","20,48","54,30M","0,68%"
"19.04.2023","20,66","21,16","21,28","20,61","72,89M","-3,21%"
"18.04.2023","21,34","20,81","21,52","20,66","99,28M","2,55%"
"17.04.2023","20,81","20,45","20,88","20,42","49,27M","1,56%"
"14.04.2023","20,49","20,10","20,57","20,04","38,19M","1,04%"
"13.04.2023","20,28","20,14","20,33","20,10","38,75M","0,70%"
"12.04.2023","20,14","20,24","20,38","19,62","71,45M","0,74%"
"11.04.2023","19,99","19,25","20,02","19,19","80,22M","4,69%"
"10.04.2023","19,10","18,72","19,21","18,72","41,40M","2,13%"
"06.04.2023","18,70","18,97","19,03","18,66","29,35M","-1,44%"
"05.04.2023","18,97","18,85","19,11","18,13","93,48M","0,33%"
"04.04.2023","18,91","19,19","19,29","18,78","57,32M","-0,90%"
"03.04.2023","19,08","18,77","19,09","18,54","73,53M","4,43%"
"31.03.2023","18,27","18,70","18,87","18,08","59,39M","-2,17%"
"30.03.2023","18,68","18,89","18,92","18,45","55,94M","0,29%"
"29.03.2023","18,62","18,47","18,73","18,29","48,96M","1,31%"
"28.03.2023","18,38","18,09","18,42","18,04","28,87M","1,77%"
"27.03.2023","18,06","18,01","18,20","17,79","39,02M","1,71%"
"24.03.2023","17,76","17,70","18,02","17,52","51,89M","-0,04%"
"23.03.2023","17,77","18,21","18,44","17,60","74,32M","-2,27%"
"22.03.2023","18,18","18,22","18,40","17,95","46,38M","-0,30%"
"21.03.2023","18,23","18,08","18,39","17,98","43,30M","2,05%"
"20.03.2023","17,87","18,32","18,43","17,84","57,21M","-2,47%"
"17.03.2023","18,32","18,00","18,32","17,81","91,79M","1,07%"
"16.03.2023","18,12","18,23","18,33","17,90","66,60M","-0,34%"
"15.03.2023","18,19","18,18","18,29","17,77","93,71M","-1,77%"
"14.03.2023","18,51","18,92","19,27","18,39","58,54M","-1,78%"
"13.03.2023","18,85","19,13","19,37","18,78","58,32M","-3,16%"
"10.03.2023","19,46","19,60","19,93","19,43","48,12M","-1,30%"
"09.03.2023","19,72","19,75","20,44","19,70","68,04M","-0,43%"
"08.03.2023","19,81","19,60","20,20","19,58","66,22M","1,27%"
"07.03.2023","19,56","20,04","20,09","19,42","59,05M","-3,31%"
"06.03.2023","20,23","20,02","20,35","19,77","50,23M","1,01%"
"03.03.2023","20,02","19,35","20,06","19,05","87,59M","4,30%"
"02.03.2023","19,20","19,81","20,00","18,99","124,52M","-2,61%"
"01.03.2023","19,71","19,72","19,81","18,85","109,26M","0,24%"
"28.02.2023","19,67","20,42","20,98","19,67","130,25M","-3,48%"
"27.02.2023","20,38","20,13","20,84","20,11","76,25M","0,69%"
"24.02.2023","20,24","20,78","20,80","20,16","64,41M","-2,18%"
"23.02.2023","20,69","20,08","20,87","20,08","73,91M","3,07%"
"22.02.2023","20,07","20,26","20,34","20,02","38,61M","-2,57%"
"17.02.2023","20,60","20,78","20,78","20,55","60,41M","-1,53%"
"16.02.2023","20,92","20,73","21,00","20,64","44,12M","0,41%"
"15.02.2023","20,84","20,71","20,88","20,49","72,55M","0,15%"
"14.02.2023","20,80","20,92","21,08","20,73","35,84M","-0,37%"
"13.02.2023","20,88","20,80","20,95","20,55","36,73M","0,30%"
"10.02.2023","20,82","20,24","20,87","20,20","54,68M","3,05%"
"09.02.2023","20,20","20,30","20,51","20,09","38,20M","-0,46%"
"08.02.2023","20,30","20,10","20,38","19,92","48,71M","1,68%"
"07.02.2023","19,96","20,19","20,37","19,84","55,31M","-0,62%"
"06.02.2023","20,09","19,38","20,16","19,28","82,79M","3,99%"
"03.02.2023","19,32","19,12","19,78","19,03","71,17M","1,10%"
"02.02.2023","19,11","19,88","20,11","19,03","83,82M","-4,63%"
"01.02.2023","20,03","20,31","20,63","19,83","56,35M","-1,38%"
"31.01.2023","20,31","19,97","20,42","19,88","54,05M","1,24%"
"30.01.2023","20,06","20,14","20,31","19,88","40,68M","0,51%"
"27.01.2023","19,96","20,40","20,44","19,82","47,68M","-2,21%"
"26.01.2023","20,41","21,11","21,19","20,10","73,34M","-2,75%"
"25.01.2023","20,99","20,69","21,10","20,27","51,83M","1,28%"
"24.01.2023","20,73","21,40","21,45","20,55","65,79M","-0,71%"
"23.01.2023","20,87","20,47","21,51","20,36","87,68M","1,59%"
"20.01.2023","20,55","20,17","20,73","19,81","113,61M","2,09%"
"19.01.2023","20,13","19,48","20,22","19,32","75,55M","3,03%"
"18.01.2023","19,53","20,13","20,28","19,48","69,69M","-1,76%"
"17.01.2023","19,88","18,79","19,96","18,79","91,80M","6,16%"
"16.01.2023","18,73","19,02","19,09","18,57","31,97M","-2,16%"
"13.01.2023","19,14","19,04","19,21","18,89","40,00M","-0,24%"
"12.01.2023","19,19","18,93","19,21","18,79","58,13M","1,44%"
"11.01.2023","18,92","18,82","19,18","18,74","53,54M","0,79%"
"10.01.2023","18,77","18,66","18,79","18,21","52,74M","0,92%"
"09.01.2023","18,60","18,31","18,70","18,12","46,39M","0,55%"
"06.01.2023","18,50","18,65","18,95","18,35","51,85M","-0,59%"
"05.01.2023","18,61","18,19","18,73","18,04","73,89M","3,60%"
"04.01.2023","17,96","17,11","18,39","17,01","129,50M","3,18%"
"03.01.2023","17,41","17,87","18,00","17,24","96,75M","-2,53%"
"02.01.2023","17,86","18,34","18,55","17,77","78,42M","-6,45%"
"29.12.2022","19,09","19,47","19,52","19,04","57,90M","-1,21%"
"28.12.2022","19,32","19,56","19,73","19,28","57,29M","-1,23%"
"27.12.2022","19,57","19,67","19,72","19,13","50,80M","0,68%"
"26.12.2022","19,43","19,57","19,71","19,34","28,77M","-0,72%"
"23.12.2022","19,57","18,80","19,65","18,80","68,39M","4,71%"
"22.12.2022","18,69","18,62","19,14","18,47","81,89M","1,78%"
"21.12.2022","18,37","18,31","18,48","17,80","74,25M","2,17%"
"20.12.2022","17,98","17,45","18,11","17,31","71,88M","3,08%"
"19.12.2022","17,44","17,22","17,54","16,86","63,07M","1,50%"
"16.12.2022","17,18","17,11","17,23","16,76","89,84M","0,05%"
"15.12.2022","17,17","16,36","17,43","16,23","132,39M","2,65%"
"14.12.2022","16,73","17,53","17,61","16,18","319,50M","-7,93%"
"13.12.2022","18,17","18,78","18,86","18,16","102,53M","-2,47%"
"12.12.2022","18,63","19,15","19,21","18,02","111,29M","-3,24%"
"09.12.2022","19,25","19,47","19,52","19,08","61,59M","-0,28%"
"08.12.2022","19,31","19,91","20,09","19,20","55,57M","-2,25%"
"07.12.2022","19,75","19,74","20,31","19,69","57,01M","-1,13%"
"06.12.2022","19,98","20,12","20,56","19,81","74,99M","0,08%"
"05.12.2022","19,96","20,26","20,71","19,91","56,07M","-1,12%"
"02.12.2022","20,19","20,02","20,61","19,72","66,30M","1,25%"
"01.12.2022","19,94","20,71","20,87","19,92","71,26M","-4,01%"
"30.11.2022","20,77","19,95","20,77","19,87","120,77M","5,04%"
"29.11.2022","19,78","19,17","20,16","19,07","96,15M","4,19%"
"28.11.2022","18,98","18,43","19,13","18,34","56,07M","2,10%"
"25.11.2022","18,59","18,90","18,96","18,39","58,64M","-1,61%"
"24.11.2022","18,89","18,33","19,19","18,12","94,23M","3,46%"
"23.11.2022","18,26","17,92","18,43","17,77","77,32M","0,47%"
"22.11.2022","18,18","17,92","18,26","17,38","164,26M","-0,43%"
"21.11.2022","18,26","18,49","18,80","17,76","164,90M","0,30%"
"18.11.2022","18,20","18,68","18,82","17,88","127,18M","-1,69%"
"17.11.2022","18,52","18,41","18,61","18,10","101,53M","0,04%"
"16.11.2022","18,51","18,96","19,16","18,36","85,55M","-1,99%"
"14.11.2022","18,88","18,58","19,21","18,47","66,64M","2,63%"
"11.11.2022","18,40","17,59","18,65","17,52","146,36M","3,33%"
"10.11.2022","17,81","17,78","18,33","17,46","145,47M","-2,90%"
"09.11.2022","18,34","18,51","19,05","18,16","103,30M","-1,65%"
"08.11.2022","18,65","18,45","18,77","18,24","94,75M","0,74%"
"07.11.2022","18,51","19,06","19,29","18,45","117,21M","-4,06%"
"04.11.2022","19,29","21,00","21,07","19,21","193,76M","-5,51%"
"03.11.2022","20,42","20,32","20,72","20,07","137,79M","0,30%"
"01.11.2022","20,36","20,84","20,91","20,15","114,89M","0,17%"
"31.10.2022","20,32","20,87","21,54","19,88","261,68M","-8,47%"
"28.10.2022","22,20","22,29","22,58","21,72","128,50M","-1,18%"
"27.10.2022","22,47","22,37","22,87","22,27","110,14M","0,76%"
"26.10.2022","22,30","22,22","22,86","21,75","120,94M","-2,45%"
"25.10.2022","22,86","23,21","23,52","22,64","111,56M","-2,10%"
"24.10.2022","23,35","24,88","25,10","23,34","141,30M","-9,20%"
"21.10.2022","25,72","24,85","26,17","24,81","138,72M","3,43%"
"20.10.2022","24,86","24,61","24,92","24,39","113,78M","2,96%"
"19.10.2022","24,15","23,27","24,24","23,19","113,20M","3,54%"
"18.10.2022","23,32","23,11","23,34","22,61","81,21M","2,46%"
"17.10.2022","22,76","22,66","23,28","22,39","100,62M","-0,09%"
"14.10.2022","22,78","23,16","23,27","22,70","61,93M","-1,53%"
"13.10.2022","23,14","22,16","23,51","22,10","90,84M","2,85%"
"11.10.2022","22,50","22,42","22,72","22,23","58,03M","-0,75%"
"10.10.2022","22,67","22,94","23,10","22,50","51,81M","-1,13%"
"07.10.2022","22,93","22,89","23,40","22,65","72,70M","-0,09%"
"06.10.2022","22,95","22,50","23,04","22,12","82,06M","3,41%"
"05.10.2022","22,19","21,41","22,37","21,27","91,97M","3,76%"
"04.10.2022","21,39","22,43","22,48","21,18","115,44M","-2,52%"
"03.10.2022","21,94","21,75","22,25","21,58","177,58M","7,99%"
"30.09.2022","20,32","19,92","20,79","19,77","121,10M","1,67%"
"29.09.2022","19,98","19,76","20,04","19,50","87,32M","0,14%"
"28.09.2022","19,95","20,23","20,33","19,48","104,27M","-1,35%"
"27.09.2022","20,23","20,38","20,59","20,12","70,82M","0,71%"
"26.09.2022","20,08","20,26","20,51","19,91","79,42M","-1,60%"
"23.09.2022","20,41","21,35","21,40","20,30","137,59M","-6,26%"
"22.09.2022","21,77","21,46","21,87","21,15","69,49M","2,47%"
"21.09.2022","21,25","21,37","21,45","21,06","58,25M","0,26%"
"20.09.2022","21,20","21,42","21,54","21,02","67,06M","-0,58%"
"19.09.2022","21,32","20,79","21,39","20,37","65,08M","1,59%"
"16.09.2022","20,98","21,04","21,10","20,68","106,18M","-0,90%"
"15.09.2022","21,17","21,08","21,29","21,00","45,27M","-0,19%"
"14.09.2022","21,22","20,96","21,43","20,88","48,81M","1,53%"
"13.09.2022","20,90","21,09","21,43","20,81","87,98M","-2,94%"
"12.09.2022","21,53","21,92","22,31","21,45","71,03M","-0,66%"
"09.09.2022","21,67","22,15","22,27","21,61","49,49M","-0,03%"
"08.09.2022","21,68","22,03","22,35","21,41","62,88M","-0,93%"
"06.09.2022","21,88","22,00","22,22","21,48","111,16M","-3,69%"
"05.09.2022","22,72","23,08","23,25","22,60","75,75M","-0,27%"
"02.09.2022","22,78","23,48","23,57","22,67","81,58M","-1,27%"
"01.09.2022","23,08","22,74","23,14","22,33","68,76M","1,87%"
"31.08.2022","22,65","21,86","22,80","21,69","113,98M","2,47%"
"30.08.2022","22,11","23,18","23,33","22,00","98,29M","-5,95%"
"29.08.2022","23,51","22,87","23,92","22,80","72,91M","2,50%"
"26.08.2022","22,93","22,69","22,95","22,20","63,34M","1,08%"
"25.08.2022","22,69","23,25","23,42","22,27","99,21M","-1,07%"
"24.08.2022","22,93","22,87","23,26","22,67","60,67M","0,60%"
"23.08.2022","22,80","22,25","22,84","22,24","72,90M","3,18%"
"22.08.2022","22,10","21,64","22,21","20,78","92,05M","2,14%"
"19.08.2022","21,63","22,44","22,60","21,36","124,27M","-5,06%"
"18.08.2022","22,78","22,57","22,95","22,41","84,06M","2,01%"
"17.08.2022","22,33","21,58","22,37","21,54","72,59M","2,34%"
"16.08.2022","21,82","21,62","21,86","21,47","64,02M","0,91%"
"15.08.2022","21,62","21,05","21,97","20,83","96,42M","0,03%"
"12.08.2022","21,62","19,84","21,70","19,82","170,41M","7,43%"
"11.08.2022","20,12","20,79","21,02","20,12","127,30M","-2,32%"
"10.08.2022","20,60","20,90","20,90","20,32","77,38M","-0,32%"
"09.08.2022","20,67","20,55","20,80","20,46","78,06M","1,64%"
"08.08.2022","20,33","19,51","20,41","19,50","109,01M","5,05%"
"05.08.2022","19,36","18,96","19,46","18,94","77,56M","1,93%"
"04.08.2022","18,99","18,92","19,10","18,64","53,95M","0,97%"
"03.08.2022","18,81","18,88","18,96","18,63","65,50M","0,15%"
"02.08.2022","18,78","18,75","19,15","18,59","68,73M","0,45%"
"01.08.2022","18,70","18,87","18,96","18,44","81,09M","-1,38%"
"29.07.2022","18,96","18,65","19,24","18,22","180,76M","5,76%"
"28.07.2022","17,93","17,54","18,11","17,45","113,62M","3,00%"
"27.07.2022","17,40","17,38","17,47","17,00","55,89M","1,10%"
"26.07.2022","17,21","17,32","17,55","16,98","78,13M","1,01%"
"25.07.2022","17,04","16,44","17,07","16,44","78,68M","4,67%"
"22.07.2022","16,28","16,12","16,36","16,02","55,55M","1,07%"
"21.07.2022","16,11","16,09","16,17","15,65","58,68M","-0,51%"
"20.07.2022","16,19","16,14","16,22","16,00","43,38M","-0,03%"
"19.07.2022","16,20","15,85","16,23","15,77","48,22M","2,03%"
"18.07.2022","15,88","15,76","15,93","15,71","46,61M","2,29%"
"15.07.2022","15,52","15,38","15,57","15,26","37,78M","1,71%"
"14.07.2022","15,26","15,54","15,54","15,12","46,88M","-2,69%"
"13.07.2022","15,68","15,62","15,81","15,53","35,31M","0,07%"
"12.07.2022","15,67","15,71","15,78","15,53","46,31M","-1,50%"
"11.07.2022","15,91","15,72","15,98","15,68","39,39M","-0,49%"
"08.07.2022","15,99","15,84","16,08","15,75","42,80M","1,12%"
"07.07.2022","15,81","15,54","16,05","15,54","52,04M","2,93%"
"06.07.2022","15,36","15,63","15,81","14,94","57,18M","-1,28%"
"05.07.2022","15,56","16,04","16,07","15,29","78,21M","-3,81%"
"04.07.2022","16,18","15,84","16,25","15,84","37,14M","2,14%"
"01.07.2022","15,84","15,59","16,02","15,28","64,80M","2,15%"
"30.06.2022","15,50","15,35","15,58","15,21","49,62M","-0,53%"
"29.06.2022","15,59","15,81","16,00","15,45","51,27M","-0,88%"
"28.06.2022","15,73","15,87","16,00","15,55","51,24M","1,25%"
"27.06.2022","15,53","14,89","15,58","14,80","90,06M","6,43%"
"24.06.2022","14,59","14,86","15,04","14,53","53,09M","-0,76%"
"23.06.2022","14,71","14,98","15,20","14,50","68,92M","-1,85%"
"22.06.2022","14,98","14,76","15,29","14,65","57,65M","-0,30%"
"21.06.2022","15,03","15,43","15,63","14,82","84,68M","-1,99%"
"20.06.2022","15,33","14,44","15,68","14,38","92,33M","1,14%"
"17.06.2022","15,16","15,64","15,79","14,51","183,27M","-6,09%"
"15.06.2022","16,14","16,65","16,67","16,01","72,19M","-1,76%"
"14.06.2022","16,43","16,47","16,79","16,23","68,57M","1,13%"
"13.06.2022","16,25","16,11","16,42","15,92","64,36M","-1,28%"
"10.06.2022","16,46","16,66","16,66","16,13","62,63M","-1,40%"
"09.06.2022","16,69","16,94","17,02","16,64","53,70M","-1,44%"
"08.06.2022","16,94","16,89","17,29","16,84","65,72M","-0,49%"
"07.06.2022","17,02","16,76","17,38","16,74","79,94M","1,19%"
"06.06.2022","16,82","16,93","16,95","16,60","38,95M","0,07%"
"03.06.2022","16,81","16,49","16,90","16,39","60,20M","1,75%"
"02.06.2022","16,52","16,64","16,68","16,40","50,25M","-0,87%"
"01.06.2022","16,67","16,60","16,84","16,57","46,02M","-0,13%"
"31.05.2022","16,69","16,88","17,00","16,55","83,28M","0,23%"
"30.05.2022","16,65","17,12","17,14","16,17","97,72M","-1,99%"
"27.05.2022","16,99","17,85","17,85","16,97","117,50M","-4,76%"
"26.05.2022","17,84","17,78","18,08","17,74","78,08M","0,25%"
"25.05.2022","17,79","17,60","17,92","17,35","69,82M","1,42%"
"24.05.2022","17,54","17,32","17,81","17,05","153,50M","-2,72%"
"23.05.2022","18,03","17,52","18,09","17,51","93,81M","3,93%"
"20.05.2022","17,35","17,23","17,35","17,06","77,94M","1,93%"
"19.05.2022","17,02","16,70","17,08","16,60","63,72M","1,70%"
"18.05.2022","16,74","17,03","17,22","16,65","80,79M","-1,64%"
"17.05.2022","17,02","17,44","17,50","17,01","90,43M","-1,30%"
"16.05.2022","17,24","17,06","17,38","16,94","91,89M","0,99%"
"13.05.2022","17,07","16,99","17,16","16,89","66,84M","1,30%"
"12.05.2022","16,85","16,57","16,98","16,57","114,03M","0,77%"
"11.05.2022","16,72","16,33","16,89","16,28","108,54M","3,48%"
"10.05.2022","16,16","16,12","16,36","16,04","60,23M","0,87%"
"09.05.2022","16,02","16,29","16,46","15,97","91,49M","-2,72%"
"06.05.2022","16,47","16,28","16,50","15,89","129,32M","3,28%"
"05.05.2022","15,95","15,85","16,19","15,45","98,72M","-0,19%"
"04.05.2022","15,98","15,24","16,03","15,14","108,92M","6,02%"
"03.05.2022","15,07","15,00","15,14","14,85","52,28M","0,90%"
"02.05.2022","14,93","15,03","15,11","14,61","72,24M","-0,99%"
"29.04.2022","15,08","15,32","15,74","15,08","75,91M","0,07%"
"28.04.2022","15,07","15,17","15,25","15,07","43,12M","0,67%"
"27.04.2022","14,97","15,13","15,22","14,92","41,58M","0,00%"
"26.04.2022","14,97","15,00","15,23","14,89","48,60M","-0,17%"
"25.04.2022","15,00","14,93","15,16","14,72","66,22M","-1,47%"
"22.04.2022","15,22","15,47","15,59","15,10","74,30M","-3,90%"
"20.04.2022","15,84","15,77","15,92","15,61","34,55M","0,47%"
"19.04.2022","15,77","15,52","15,94","15,50","88,29M","3,03%"
"18.04.2022","15,30","15,52","15,64","15,18","76,06M","-1,76%"
"14.04.2022","15,58","15,74","15,98","15,52","118,44M","-1,38%"
"13.04.2022","15,80","15,70","15,90","15,58","100,79M","2,13%"
"12.04.2022","15,47","15,72","15,85","15,44","67,82M","-0,29%"
"11.04.2022","15,51","15,49","15,58","15,43","47,99M","-0,76%"
"08.04.2022","15,63","15,57","15,72","15,47","60,52M","0,50%"
"07.04.2022","15,55","14,91","15,56","14,85","118,12M","5,19%"
"06.04.2022","14,79","14,90","14,98","14,64","56,80M","-0,09%"
"05.04.2022","14,80","14,92","15,11","14,80","45,38M","-0,95%"
"04.04.2022","14,94","15,03","15,03","14,74","55,98M","-0,94%"
"01.04.2022","15,08","15,33","15,44","15,04","72,28M","-1,32%"
"31.03.2022","15,28","14,88","15,34","14,85","94,02M","1,39%"
"30.03.2022","15,07","14,85","15,07","14,80","69,29M","2,14%"
"29.03.2022","14,76","14,68","14,97","14,58","93,64M","2,22%"
"28.03.2022","14,44","14,65","14,66","14,16","67,71M","-2,17%"
"25.03.2022","14,76","14,69","14,87","14,58","51,63M","-0,37%"
"24.03.2022","14,81","14,64","14,90","14,47","48,85M","1,15%"
"23.03.2022","14,64","14,59","14,84","14,48","52,77M","1,36%"
"22.03.2022","14,45","14,62","14,67","14,32","55,95M","-0,44%"
"21.03.2022","14,51","14,12","14,66","14,00","67,45M","3,76%"
"18.03.2022","13,99","13,75","14,08","13,64","92,48M","2,00%"
"17.03.2022","13,71","14,28","14,35","13,48","177,81M","-2,66%"
"16.03.2022","14,09","14,39","14,41","13,88","71,60M","-0,87%"
"15.03.2022","14,21","14,23","14,41","13,92","66,03M","-2,42%"
"14.03.2022","14,56","14,82","15,03","14,40","52,13M","-1,91%"
"11.03.2022","14,85","15,49","15,71","14,65","92,15M","-3,59%"
"10.03.2022","15,40","14,90","15,81","14,86","136,44M","3,50%"
"09.03.2022","14,88","14,90","15,00","14,50","87,78M","0,31%"
"08.03.2022","14,83","14,62","15,06","14,40","111,63M","2,08%"
"07.03.2022","14,53","15,76","15,81","14,45","110,95M","-7,10%"
"04.03.2022","15,64","15,57","15,85","15,45","55,42M","0,00%"
"03.03.2022","15,65","15,91","15,96","15,61","69,24M","-1,24%"
"02.03.2022","15,84","16,11","16,12","15,71","58,07M","1,97%"
"25.02.2022","15,54","15,28","15,54","15,03","86,19M","1,83%"
"24.02.2022","15,26","15,90","16,12","14,93","139,67M","-33,48%"
"23.02.2022","22,94","22,91","23,19","22,65","86,53M","1,42%"
"22.02.2022","22,61","22,94","23,24","22,26","80,21M","-0,32%"
"21.02.2022","22,69","22,15","22,79","22,12","51,26M","2,58%"
"18.02.2022","22,12","21,83","22,18","21,63","58,65M","0,61%"
"17.02.2022","21,98","22,02","22,31","21,82","43,26M","-0,39%"
"16.02.2022","22,07","22,00","22,59","21,96","65,81M","1,39%"
"15.02.2022","21,77","21,89","21,90","21,37","65,69M","-1,58%"
"14.02.2022","22,12","22,69","22,75","22,00","55,69M","-2,25%"
"11.02.2022","22,63","21,96","22,73","21,87","88,01M","4,07%"
"10.02.2022","21,74","21,65","22,05","21,41","49,53M","1,53%"
"09.02.2022","21,41","21,27","21,91","21,21","50,96M","0,38%"
"08.02.2022","21,33","21,38","21,41","20,95","62,59M","-1,00%"
"07.02.2022","21,55","21,82","21,97","21,53","48,87M","-1,47%"
"04.02.2022","21,87","21,72","22,27","21,37","59,35M","1,75%"
"03.02.2022","21,49","21,68","22,06","21,19","51,09M","-1,38%"
"02.02.2022","21,80","22,39","22,45","21,69","36,27M","-1,45%"
"01.02.2022","22,12","21,68","22,33","21,41","57,32M","2,01%"
"31.01.2022","21,68","21,78","22,12","21,49","62,45M","-0,58%"
"28.01.2022","21,81","22,65","23,02","21,58","117,40M","-3,96%"
"27.01.2022","22,71","22,96","23,22","22,23","90,63M","0,03%"
"26.01.2022","22,70","22,32","22,97","22,32","98,68M","2,67%"
"25.01.2022","22,11","21,25","22,27","21,17","98,36M","3,26%"
"24.01.2022","21,41","21,24","21,62","20,80","79,12M","0,57%"
"21.01.2022","21,29","21,16","21,37","21,13","60,38M","0,16%"
"20.01.2022","21,26","21,11","21,45","20,85","85,35M","0,73%"
"19.01.2022","21,11","21,38","21,59","21,07","77,48M","-0,47%"
"18.01.2022","21,21","21,15","21,43","20,76","78,20M","0,44%"
"17.01.2022","21,11","21,05","21,32","20,94","35,68M","0,16%"
"14.01.2022","21,08","20,29","21,18","20,27","96,46M","3,73%"
"13.01.2022","20,32","19,79","20,53","19,77","76,72M","2,02%"
"12.01.2022","19,92","19,40","20,05","19,40","81,38M","3,05%"
"11.01.2022","19,33","18,83","19,48","18,67","73,62M","2,96%"
"10.01.2022","18,77","18,76","18,93","18,58","37,46M","-0,60%"
"07.01.2022","18,89","18,84","18,96","18,65","47,51M","0,46%"
"06.01.2022","18,80","18,96","19,20","18,66","61,16M","-0,07%"
"05.01.2022","18,81","19,56","19,62","18,73","78,46M","-3,87%"
"04.01.2022","19,57","19,54","19,70","19,38","51,74M","0,38%"
"03.01.2022","19,50","19,13","19,58","19,12","52,70M","2,25%"
"30.12.2021","19,07","19,14","19,24","19,03","43,23M","-0,32%"
"29.12.2021","19,13","19,24","19,37","19,05","35,51M","-0,83%"
"28.12.2021","19,29","19,44","19,62","19,24","30,69M","0,10%"
"27.12.2021","19,27","18,98","19,29","18,87","44,23M","1,48%"
"23.12.2021","18,99","18,99","19,05","18,87","28,71M","0,60%"
"22.12.2021","18,87","19,03","19,03","18,75","33,73M","-0,14%"
"21.12.2021","18,90","19,14","19,25","18,85","40,45M","0,14%"
"20.12.2021","18,87","19,06","19,14","18,55","106,28M","-2,86%"
"17.12.2021","19,43","19,65","19,87","19,29","93,23M","-2,36%"
"16.12.2021","19,90","19,85","20,09","19,77","56,55M","1,33%"
"15.12.2021","19,64","19,50","19,64","19,16","55,09M","0,62%"
"14.12.2021","19,52","19,85","20,01","19,44","56,83M","-1,19%"
"13.12.2021","19,75","19,89","20,14","19,63","45,45M","-0,61%"
"10.12.2021","19,87","19,77","20,17","19,76","38,52M","1,23%"
"09.12.2021","19,63","19,50","19,77","19,30","67,67M","-0,20%"
"08.12.2021","19,67","19,68","20,15","19,58","71,15M","-0,03%"
"07.12.2021","19,68","19,62","19,82","19,30","98,98M","1,63%"
"06.12.2021","19,36","19,29","19,62","19,22","66,14M","0,45%"
"03.12.2021","19,28","19,09","19,40","18,91","105,13M","1,41%"
"02.12.2021","19,01","18,09","19,09","17,56","191,41M","3,79%"
"01.12.2021","18,31","18,46","18,98","18,24","135,08M","0,58%"
"30.11.2021","18,21","18,13","18,34","17,86","129,38M","-0,14%"
"29.11.2021","18,23","18,16","18,45","17,82","84,67M","3,51%"
"26.11.2021","17,61","17,56","18,04","17,37","108,87M","-3,88%"
"25.11.2021","18,33","17,97","18,43","17,67","104,05M","4,41%"
"24.11.2021","17,55","17,19","17,60","17,02","64,26M","2,05%"
"23.11.2021","17,20","16,46","17,35","16,40","108,38M","5,46%"
"22.11.2021","16,31","16,27","16,79","16,27","59,20M","1,00%"
"19.11.2021","16,15","16,15","16,26","15,95","84,86M","-1,66%"
"18.11.2021","16,42","16,51","16,55","16,12","63,99M","-0,15%"
"17.11.2021","16,44","16,95","16,98","16,39","82,11M","-2,53%"
"16.11.2021","16,87","16,87","17,05","16,48","60,98M","1,04%"
"12.11.2021","16,70","16,28","16,80","16,09","85,96M","2,04%"
"11.11.2021","16,36","16,63","16,63","16,23","60,85M","0,08%"
"10.11.2021","16,35","16,46","16,66","16,18","68,18M","-0,79%"
"09.11.2021","16,48","16,21","16,67","16,21","73,02M","1,99%"
"08.11.2021","16,16","15,97","16,49","15,91","59,70M","1,04%"
"05.11.2021","15,99","16,27","16,42","15,95","85,79M","-0,58%"
"04.11.2021","16,09","16,72","16,85","15,99","91,97M","-3,17%"
"03.11.2021","16,61","17,14","17,23","16,58","81,99M","-4,11%"
"01.11.2021","17,32","17,14","17,52","16,93","101,81M","2,75%"
"29.10.2021","16,86","18,02","18,06","16,69","156,81M","-5,90%"
"28.10.2021","17,92","17,65","18,10","17,48","87,35M","0,94%"
"27.10.2021","17,75","17,84","17,98","17,61","57,27M","-0,24%"
"26.10.2021","17,79","17,82","18,08","17,69","57,54M","-0,96%"
"25.10.2021","17,97","17,17","18,13","17,11","135,26M","6,84%"
"22.10.2021","16,82","16,77","17,17","15,94","138,16M","-0,98%"
"21.10.2021","16,98","17,24","17,43","16,66","100,96M","-3,38%"
"20.10.2021","17,58","17,49","17,82","17,29","55,26M","1,43%"
"19.10.2021","17,33","18,09","18,14","17,24","111,00M","-4,89%"
"18.10.2021","18,22","18,19","18,34","17,94","68,75M","-0,51%"
"15.10.2021","18,31","18,44","18,46","18,26","71,60M","-0,27%"
"14.10.2021","18,36","18,47","18,70","18,25","75,91M","0,17%"
"13.10.2021","18,33","18,05","18,38","17,99","55,43M","1,06%"
"11.10.2021","18,14","18,25","18,47","18,03","76,30M","0,69%"
"08.10.2021","18,02","17,94","18,32","17,76","83,79M","1,82%"
"07.10.2021","17,69","17,76","17,93","17,48","60,19M","-0,14%"
"06.10.2021","17,72","17,91","18,05","17,61","84,20M","-2,65%"
"05.10.2021","18,20","17,94","18,23","17,88","99,46M","2,19%"
"04.10.2021","17,81","17,17","17,82","17,15","106,56M","2,82%"
"01.10.2021","17,32","16,78","17,32","16,75","60,61M","2,83%"
"30.09.2021","16,85","17,03","17,06","16,81","65,45M","-0,58%"
"29.09.2021","16,95","16,83","17,03","16,59","58,55M","1,59%"
"28.09.2021","16,68","16,82","17,26","16,53","117,50M","-0,66%"
"27.09.2021","16,79","16,79","16,99","16,40","88,97M","0,89%"
"24.09.2021","16,64","16,43","16,74","16,38","44,59M","0,22%"
"23.09.2021","16,61","16,06","16,67","16,03","83,86M","3,83%"
"22.09.2021","15,99","15,80","16,22","15,79","69,95M","2,54%"
"21.09.2021","15,60","15,52","15,65","15,18","64,35M","2,27%"
"20.09.2021","15,25","14,90","15,25","14,72","79,83M","-1,12%"
"17.09.2021","15,42","16,07","16,10","15,32","128,32M","-4,48%"
"16.09.2021","16,15","16,14","16,23","15,78","65,19M","-0,87%"
"15.09.2021","16,29","16,09","16,37","16,01","66,93M","1,74%"
"14.09.2021","16,01","16,06","16,24","15,91","65,21M","-1,33%"
"13.09.2021","16,23","15,96","16,33","15,86","63,01M","3,51%"
"10.09.2021","15,68","16,10","16,17","15,67","78,02M","-0,63%"
"09.09.2021","15,78","15,52","16,01","14,94","154,71M","2,12%"
"08.09.2021","15,45","16,27","16,30","15,34","79,42M","-5,63%"
"06.09.2021","16,37","16,22","16,53","16,18","26,30M","0,49%"
"03.09.2021","16,29","16,49","16,57","16,15","57,37M","-1,02%"
"02.09.2021","16,46","16,70","16,92","16,37","55,50M","-1,63%"
"01.09.2021","16,73","16,90","16,92","16,29","69,06M","-0,55%"
"31.08.2021","16,82","17,45","17,47","16,70","109,91M","-3,92%"
"30.08.2021","17,51","17,57","17,76","17,48","60,86M","-0,67%"
"27.08.2021","17,63","17,14","17,63","17,12","76,10M","3,64%"
"26.08.2021","17,01","17,06","17,25","17,00","40,64M","-0,87%"
"25.08.2021","17,16","17,09","17,22","16,94","45,93M","0,54%"
"24.08.2021","17,06","16,88","17,09","16,85","49,60M","2,07%"
"23.08.2021","16,72","16,67","16,90","16,56","69,50M","1,58%"
"20.08.2021","16,46","16,33","16,48","16,19","84,94M","-0,15%"
"19.08.2021","16,48","16,25","16,62","16,17","80,25M","-0,56%"
"18.08.2021","16,57","16,72","16,90","16,49","85,28M","-0,89%"
"17.08.2021","16,72","16,61","17,09","16,36","92,96M","0,00%"
"16.08.2021","16,72","17,05","17,07","16,49","100,31M","-2,42%"
"13.08.2021","17,14","16,97","17,29","16,95","84,74M","0,86%"
"12.08.2021","16,99","16,73","17,04","16,64","94,92M","1,50%"
"11.08.2021","16,74","16,44","16,93","16,33","97,61M","1,38%"
"10.08.2021","16,51","16,52","16,81","16,49","84,02M","0,32%"
"09.08.2021","16,46","16,32","16,47","16,16","75,03M","-0,70%"
"06.08.2021","16,58","16,64","16,66","16,36","50,80M","0,14%"
"05.08.2021","16,55","16,79","16,92","16,38","222,99M","7,88%"
"04.08.2021","15,35","15,50","15,63","15,15","87,58M","-2,12%"
"03.08.2021","15,68","15,39","15,69","15,06","71,53M","1,67%"
"02.08.2021","15,42","15,88","16,01","15,40","70,04M","-1,86%"
"30.07.2021","15,71","16,12","16,25","15,67","73,60M","-3,24%"
"29.07.2021","16,24","16,23","16,30","16,06","43,60M","0,36%"
"28.07.2021","16,18","16,02","16,29","15,88","46,58M","2,06%"
"27.07.2021","15,85","15,97","16,00","15,71","51,66M","-1,16%"
"26.07.2021","16,04","15,61","16,04","15,60","46,40M","2,73%"
"23.07.2021","15,61","15,82","15,86","15,58","33,77M","-0,59%"
"22.07.2021","15,71","15,77","15,89","15,60","37,43M","-0,22%"
"21.07.2021","15,74","15,64","15,91","15,53","50,12M","1,39%"
"20.07.2021","15,53","15,29","15,73","15,12","63,09M","1,33%"
"19.07.2021","15,32","15,16","15,44","15,10","79,83M","-1,65%"
"16.07.2021","15,58","15,90","15,99","15,52","67,46M","-1,48%"
"15.07.2021","15,81","16,05","16,13","15,72","67,61M","-2,13%"
"14.07.2021","16,16","16,41","16,47","16,08","51,40M","-0,82%"
"13.07.2021","16,29","16,09","16,33","15,99","41,20M","0,61%"
"12.07.2021","16,19","16,10","16,22","15,93","52,41M","0,87%"
"08.07.2021","16,05","16,00","16,16","15,92","80,20M","-2,00%"
"07.07.2021","16,38","16,44","16,44","16,01","73,36M","1,37%"
"06.07.2021","16,16","16,76","16,82","16,16","97,04M","-4,09%"
"05.07.2021","16,85","16,94","17,03","16,57","55,76M","-1,13%"
"02.07.2021","17,04","17,11","17,16","16,78","37,22M","0,41%"
"01.07.2021","16,97","17,37","17,45","16,89","64,86M","-1,26%"
"30.06.2021","17,18","16,95","17,27","16,89","70,91M","0,86%"
"29.06.2021","17,04","16,99","17,04","16,78","43,10M","0,45%"
"28.06.2021","16,96","17,04","17,09","16,74","40,16M","-0,17%"
"25.06.2021","16,99","17,34","17,39","16,90","84,49M","-1,85%"
"24.06.2021","17,31","17,22","17,31","17,06","51,14M","1,19%"
"23.06.2021","17,11","17,08","17,24","16,93","57,11M","0,69%"
"22.06.2021","16,99","16,93","17,09","16,74","41,44M","0,52%"
"21.06.2021","16,90","16,58","16,93","16,58","50,41M","2,22%"
"18.06.2021","16,54","16,35","16,59","16,14","114,06M","0,68%"
"17.06.2021","16,43","16,94","17,05","16,30","94,48M","-3,47%"
"16.06.2021","17,02","16,98","17,10","16,80","76,78M","0,38%"
"15.06.2021","16,95","16,91","16,97","16,72","42,30M","0,97%"
"14.06.2021","16,79","16,88","17,14","16,71","64,04M","0,63%"
"11.06.2021","16,68","16,82","16,85","16,50","54,78M","-0,38%"
"10.06.2021","16,75","16,83","16,95","16,68","35,66M","0,07%"
"09.06.2021","16,73","16,77","16,98","16,65","60,37M","0,00%"
"08.06.2021","16,73","16,45","16,82","16,33","88,14M","1,31%"
"07.06.2021","16,52","16,64","16,67","16,36","74,03M","-0,74%"
"04.06.2021","16,64","16,38","16,71","16,30","102,40M","1,57%"
"02.06.2021","16,38","15,97","16,39","15,92","104,09M","2,82%"
"01.06.2021","15,94","16,00","16,17","15,77","90,02M","1,56%"
"31.05.2021","15,69","15,74","15,88","15,64","46,03M","-0,44%"
"28.05.2021","15,76","15,30","15,78","15,27","128,99M","4,17%"
"27.05.2021","15,13","15,23","15,33","15,05","48,45M","-0,69%"
"26.05.2021","15,23","15,13","15,29","14,98","46,25M","0,97%"
"25.05.2021","15,09","15,46","15,54","15,05","63,21M","-2,08%"
"24.05.2021","15,41","15,35","15,49","15,18","62,78M","1,70%"
"21.05.2021","15,15","15,23","15,36","15,15","81,34M","0,08%"
"20.05.2021","15,14","15,27","15,35","15,02","70,99M","-0,84%"
"19.05.2021","15,27","15,09","15,39","15,06","84,35M","-0,76%"
"18.05.2021","15,39","15,59","15,65","15,34","62,02M","-1,16%"
"17.05.2021","15,57","15,36","15,57","15,30","82,94M","1,45%"
"14.05.2021","15,35","15,06","15,40","14,92","195,81M","5,16%"
"13.05.2021","14,59","14,46","14,66","14,27","76,72M","0,85%"
"12.05.2021","14,47","14,57","14,91","14,42","89,35M","-1,47%"
"11.05.2021","14,69","14,27","14,70","14,20","73,36M","1,82%"
"10.05.2021","14,42","14,48","14,59","14,35","73,59M","1,31%"
"07.05.2021","14,24","13,80","14,28","13,70","73,69M","3,74%"
"06.05.2021","13,72","13,84","13,93","13,66","53,65M","-1,38%"
"05.05.2021","13,91","13,53","13,98","13,50","75,38M","4,11%"
"04.05.2021","13,37","13,75","13,80","13,36","43,71M","-2,30%"
"03.05.2021","13,68","13,90","13,90","13,61","47,97M","-0,80%"
"30.04.2021","13,79","13,66","13,97","13,59","60,38M","0,00%"
"29.04.2021","13,79","14,08","14,18","13,68","49,20M","-1,34%"
"28.04.2021","13,98","13,66","14,07","13,64","65,86M","3,64%"
"27.04.2021","13,49","13,91","14,11","13,49","75,80M","-2,86%"
"26.04.2021","13,89","13,93","14,04","13,79","33,02M","0,38%"
"23.04.2021","13,83","13,94","13,98","13,73","59,82M","-0,08%"
"22.04.2021","13,84","14,10","14,12","13,81","46,19M","-0,46%"
"20.04.2021","13,91","14,21","14,36","13,87","93,94M","-1,89%"
"19.04.2021","14,18","13,40","14,53","13,30","195,00M","5,80%"
"16.04.2021","13,40","13,51","13,57","13,32","59,15M","-0,61%"
"15.04.2021","13,48","13,84","13,91","13,44","63,51M","-2,01%"
"14.04.2021","13,76","13,67","13,89","13,55","90,29M","1,59%"
"13.04.2021","13,54","13,55","13,62","13,39","52,78M","0,33%"
"12.04.2021","13,50","13,54","13,77","13,44","50,14M","1,01%"
"09.04.2021","13,36","13,28","13,44","13,20","46,82M","-0,21%"
"08.04.2021","13,39","13,55","13,58","13,20","62,74M","-1,25%"
"07.04.2021","13,56","13,53","13,75","13,52","55,07M","-0,08%"
"06.04.2021","13,57","13,66","13,77","13,51","45,51M","-0,08%"
"05.04.2021","13,58","13,63","13,67","13,38","40,18M","0,63%"
"01.04.2021","13,50","13,72","13,78","13,44","46,75M","-0,87%"
"31.03.2021","13,62","13,45","13,69","13,44","68,27M","1,13%"
"30.03.2021","13,46","13,36","13,56","13,32","40,70M","0,00%"
"29.03.2021","13,46","13,19","13,46","13,15","49,67M","1,58%"
"26.03.2021","13,26","13,27","13,49","13,06","60,63M","1,12%"
"25.03.2021","13,11","12,83","13,17","12,52","78,84M","1,67%"
"24.03.2021","12,89","13,10","13,30","12,89","62,21M","0,09%"
"23.03.2021","12,88","13,09","13,35","12,88","56,43M","-3,06%"
"22.03.2021","13,29","13,39","13,44","13,13","43,73M","-2,00%"
"19.03.2021","13,56","13,15","13,58","13,10","89,62M","3,27%"
"18.03.2021","13,13","13,49","13,50","13,04","76,65M","-3,49%"
"17.03.2021","13,61","13,07","13,63","13,06","77,63M","3,44%"
"16.03.2021","13,15","13,35","13,38","13,13","43,12M","-1,56%"
"15.03.2021","13,36","13,06","13,37","13,05","67,54M","2,07%"
"12.03.2021","13,09","13,08","13,21","12,92","68,12M","-0,52%"
"11.03.2021","13,16","12,78","13,27","12,78","130,58M","4,25%"
"10.03.2021","12,62","12,40","12,62","12,19","111,74M","3,47%"
"09.03.2021","12,20","12,07","12,40","11,79","122,55M","2,32%"
"08.03.2021","11,92","12,40","12,59","11,84","141,14M","-5,76%"
"05.03.2021","12,65","12,68","13,12","12,59","126,31M","0,77%"
"04.03.2021","12,55","12,04","12,66","11,93","127,84M","4,86%"
"03.03.2021","11,97","12,32","12,37","11,57","185,69M","-3,64%"
"02.03.2021","12,43","12,34","12,62","11,68","147,77M","-0,05%"
"01.03.2021","12,43","12,88","13,02","12,39","90,33M","-1,08%"
"26.02.2021","12,57","13,11","13,23","12,41","159,88M","-4,10%"
"25.02.2021","13,10","14,13","14,27","13,05","170,15M","-4,96%"
"24.02.2021","13,79","13,87","14,13","13,57","155,25M","1,41%"
"23.02.2021","13,59","13,02","13,71","12,83","293,50M","12,17%"
"22.02.2021","12,12","12,88","13,11","12,09","490,23M","-21,51%"
"19.02.2021","15,44","15,84","16,10","15,35","215,83M","-6,63%"
"18.02.2021","16,54","17,17","17,47","16,41","105,54M","-1,08%"
"17.02.2021","16,72","16,11","16,72","15,89","54,97M","4,04%"
"12.02.2021","16,07","15,71","16,10","15,60","47,80M","1,28%"
"11.02.2021","15,87","15,90","16,10","15,75","61,16M","1,01%"
"10.02.2021","15,71","15,67","15,84","15,32","52,95M","0,94%"
"09.02.2021","15,56","15,85","16,03","15,47","63,66M","-2,03%"
"08.02.2021","15,88","16,11","16,56","15,71","98,82M","-3,14%"
"05.02.2021","16,40","16,37","17,00","16,00","121,10M","0,69%"
"04.02.2021","16,28","16,29","16,38","15,94","41,44M","-0,10%"
"03.02.2021","16,30","16,37","16,46","16,19","51,77M","0,66%"
"02.02.2021","16,19","16,05","16,46","15,93","91,66M","4,10%"
"01.02.2021","15,56","15,40","15,64","15,16","44,45M","3,15%"
"29.01.2021","15,08","15,55","15,64","15,08","67,56M","-3,85%"
"28.01.2021","15,69","15,44","16,08","15,43","67,83M","1,39%"
"27.01.2021","15,47","15,15","15,92","14,99","68,34M","1,41%"
"26.01.2021","15,26","15,40","15,80","15,15","64,51M","-0,33%"
"22.01.2021","15,31","15,22","15,39","15,01","51,18M","-1,67%"
"21.01.2021","15,57","15,83","16,05","15,54","41,28M","-2,34%"
"20.01.2021","15,94","16,36","16,45","15,88","60,31M","-1,67%"
"19.01.2021","16,21","16,09","16,31","15,62","61,65M","2,21%"
"18.01.2021","15,86","16,00","16,30","15,83","68,86M","-0,18%"
"15.01.2021","15,89","16,41","16,43","15,84","80,67M","-4,52%"
"14.01.2021","16,64","16,48","16,76","16,23","50,73M","1,03%"
"13.01.2021","16,47","17,34","17,44","16,39","93,83M","-4,83%"
"12.01.2021","17,31","17,58","17,83","17,31","65,69M","-0,75%"
"11.01.2021","17,44","17,30","17,55","17,18","48,74M","-0,84%"
"08.01.2021","17,58","17,78","17,95","17,15","67,14M","0,39%"
"07.01.2021","17,52","17,14","17,60","17,14","56,16M","3,09%"
"06.01.2021","16,99","17,04","17,46","16,98","96,56M","0,10%"
"05.01.2021","16,97","16,33","17,05","15,96","95,18M","3,91%"
"04.01.2021","16,34","16,19","16,49","16,12","74,72M","2,01%"
"30.12.2020","16,01","16,02","16,10","15,93","36,97M","0,25%"
"29.12.2020","15,97","16,04","16,06","15,82","29,89M","0,32%"
"28.12.2020","15,92","16,02","16,11","15,92","36,31M","0,82%"
"23.12.2020","15,79","15,50","15,96","15,45","49,04M","2,46%"
"22.12.2020","15,41","15,37","15,52","15,28","46,51M","0,96%"
"21.12.2020","15,27","15,36","15,53","14,98","99,99M","-3,84%"
"18.12.2020","15,88","15,88","16,00","15,83","44,71M","-0,50%"
"17.12.2020","15,96","15,99","16,04","15,86","39,15M","0,18%"
"16.12.2020","15,93","15,74","15,96","15,52","59,40M","1,22%"
"15.12.2020","15,74","15,71","15,82","15,62","47,21M","0,83%"
"14.12.2020","15,61","15,84","15,97","15,61","53,16M","0,18%"
"11.12.2020","15,58","15,53","15,73","15,41","48,33M","-0,90%"
"10.12.2020","15,72","15,36","15,93","15,33","97,54M","3,27%"
"09.12.2020","15,22","15,05","15,24","14,92","52,45M","1,05%"
"08.12.2020","15,06","15,15","15,33","14,95","46,28M","-1,26%"
"07.12.2020","15,26","15,41","15,70","15,07","72,66M","-1,93%"
"04.12.2020","15,56","15,36","15,58","15,29","61,65M","3,34%"
"03.12.2020","15,05","14,78","15,19","14,72","62,42M","2,82%"
"02.12.2020","14,64","14,46","14,97","14,31","88,09M","1,21%"
"01.12.2020","14,46","14,35","14,56","14,29","58,87M","2,81%"
"30.11.2020","14,07","14,27","14,62","14,04","90,21M","-2,35%"
"27.11.2020","14,41","14,65","14,72","14,38","49,86M","-1,24%"
"26.11.2020","14,59","14,66","14,66","14,44","41,94M","-1,64%"
"25.11.2020","14,83","14,80","14,97","14,50","73,97M","0,11%"
"24.11.2020","14,82","14,49","15,07","14,49","153,29M","4,46%"
"23.11.2020","14,18","13,59","14,18","13,58","125,65M","6,13%"
"20.11.2020","13,36","13,47","13,56","13,26","38,14M","-0,71%"
"19.11.2020","13,46","13,31","13,53","13,20","65,38M","1,15%"
"18.11.2020","13,31","13,56","13,63","13,31","68,54M","-0,59%"
"17.11.2020","13,39","13,02","13,64","12,98","94,08M","1,72%"
"16.11.2020","13,16","13,11","13,35","13,07","101,58M","2,92%"
"13.11.2020","12,79","12,44","12,88","12,37","66,07M","3,29%"
"12.11.2020","12,38","12,85","12,89","12,30","77,28M","-4,24%"
"11.11.2020","12,93","13,19","13,20","12,66","93,07M","-0,87%"
"10.11.2020","13,04","12,37","13,08","12,32","163,59M","6,80%"
"09.11.2020","12,21","11,93","12,82","11,89","164,90M","9,42%"
"06.11.2020","11,16","11,05","11,27","11,04","37,27M","-0,70%"
"05.11.2020","11,24","11,27","11,29","11,14","40,87M","0,86%"
"04.11.2020","11,14","11,31","11,34","10,89","65,78M","0,36%"
"03.11.2020","11,10","11,02","11,24","10,92","66,29M","3,75%"
"30.10.2020","10,70","10,81","11,04","10,66","63,58M","-1,81%"
"29.10.2020","10,90","10,41","10,94","10,02","85,50M","3,32%"
"28.10.2020","10,55","10,93","10,98","10,55","78,43M","-6,09%"
"27.10.2020","11,23","11,45","11,51","11,19","47,47M","-1,83%"
"26.10.2020","11,44","11,49","11,60","11,32","57,57M","-1,56%"
"23.10.2020","11,62","11,83","11,94","11,61","61,33M","-1,30%"
"22.10.2020","11,78","11,36","11,78","11,33","98,36M","3,37%"
"21.10.2020","11,39","11,39","11,49","11,20","60,20M","-0,10%"
"20.10.2020","11,40","11,11","11,45","11,07","68,01M","3,38%"
"19.10.2020","11,03","10,97","11,27","10,88","107,22M","0,98%"
"16.10.2020","10,92","11,11","11,14","10,92","49,14M","-2,13%"
"15.10.2020","11,16","11,09","11,17","10,98","56,25M","-1,10%"
"14.10.2020","11,28","11,35","11,51","11,28","43,91M","-0,79%"
"13.10.2020","11,37","11,25","11,37","11,15","54,83M","1,67%"
"09.10.2020","11,19","11,49","11,52","11,19","67,29M","-3,13%"
"08.10.2020","11,55","11,32","11,63","11,22","77,72M","3,28%"
"07.10.2020","11,18","11,30","11,33","11,05","52,97M","-0,70%"
"06.10.2020","11,26","11,57","11,70","11,26","76,27M","-0,50%"
"05.10.2020","11,32","10,94","11,39","10,87","72,63M","5,31%"
"02.10.2020","10,75","11,15","11,15","10,75","83,73M","-4,18%"
"01.10.2020","11,22","11,10","11,33","10,81","76,06M","1,22%"
"30.09.2020","11,08","11,02","11,32","10,98","68,79M","1,55%"
"29.09.2020","10,91","11,09","11,22","10,88","52,49M","-1,63%"
"28.09.2020","11,09","11,49","11,62","11,09","48,20M","-2,48%"
"25.09.2020","11,37","11,39","11,45","11,23","39,91M","-1,32%"
"24.09.2020","11,53","11,44","11,70","11,33","76,03M","0,84%"
"23.09.2020","11,43","11,75","11,84","11,41","56,40M","-2,74%"
"22.09.2020","11,75","11,84","12,06","11,72","46,69M","-0,48%"
"21.09.2020","11,81","12,03","12,13","11,76","72,73M","-3,46%"
"18.09.2020","12,23","12,43","12,52","12,18","63,61M","-2,26%"
"17.09.2020","12,52","12,15","12,53","12,13","59,98M","1,93%"
"16.09.2020","12,28","12,35","12,43","12,20","50,03M","0,28%"
"15.09.2020","12,24","12,42","12,48","12,18","58,19M","-0,05%"
"14.09.2020","12,25","12,40","12,42","12,11","45,77M","-0,91%"
"11.09.2020","12,36","12,50","12,58","12,29","70,48M","-1,08%"
"10.09.2020","12,50","12,76","12,76","12,49","57,04M","-2,68%"
"09.09.2020","12,84","12,71","12,87","12,71","41,88M","2,11%"
"08.09.2020","12,58","12,71","12,71","12,38","74,10M","-2,88%"
"04.09.2020","12,95","13,00","13,01","12,76","51,91M","0,17%"
"03.09.2020","12,93","12,78","13,06","12,75","87,43M","0,35%"
"02.09.2020","12,88","12,96","13,05","12,72","53,15M","-0,31%"
"01.09.2020","12,92","12,54","12,93","12,50","65,90M","4,48%"
"31.08.2020","12,37","12,61","12,67","12,37","47,68M","-2,88%"
"28.08.2020","12,74","12,57","12,74","12,46","30,66M","1,76%"
"27.08.2020","12,52","12,61","12,70","12,45","34,93M","-0,32%"
"26.08.2020","12,55","12,87","12,94","12,45","69,15M","-2,84%"
"25.08.2020","12,92","13,05","13,08","12,82","37,57M","-0,44%"
"24.08.2020","12,98","12,92","13,07","12,88","51,45M","1,82%"
"21.08.2020","12,75","12,74","12,79","12,63","38,24M","-0,75%"
"20.08.2020","12,84","12,72","12,92","12,63","54,78M","-0,70%"
"19.08.2020","12,93","12,97","13,18","12,85","51,57M","-0,56%"
"18.08.2020","13,01","12,96","13,13","12,87","49,01M","1,86%"
"17.08.2020","12,77","12,81","12,91","12,52","51,69M","-0,31%"
"14.08.2020","12,81","12,87","12,98","12,73","38,15M","-0,74%"
"13.08.2020","12,91","13,25","13,32","12,83","44,08M","-2,73%"
"12.08.2020","13,27","13,20","13,38","13,04","66,47M","1,73%"
"11.08.2020","13,04","13,40","13,49","13,03","66,05M","-1,58%"
"10.08.2020","13,25","12,94","13,25","12,79","52,09M","2,90%"
"07.08.2020","12,88","12,92","12,94","12,74","55,69M","-1,85%"
"06.08.2020","13,12","13,15","13,30","13,00","56,09M","0,17%"
"05.08.2020","13,10","12,56","13,15","12,56","136,72M","6,43%"
"04.08.2020","12,31","12,13","12,46","12,01","62,52M","-0,09%"
"03.08.2020","12,32","12,74","12,74","12,27","62,84M","-1,80%"
"31.07.2020","12,54","12,95","13,07","12,52","74,90M","-2,72%"
"30.07.2020","12,89","12,95","12,95","12,71","57,40M","-1,51%"
"29.07.2020","13,09","13,01","13,14","12,95","43,66M","1,62%"
"28.07.2020","12,88","13,02","13,18","12,88","47,67M","-1,72%"
"27.07.2020","13,11","12,92","13,14","12,68","56,26M","2,07%"
"24.07.2020","12,84","12,74","13,03","12,67","42,78M","0,71%"
"23.07.2020","12,75","13,09","13,13","12,74","63,72M","-2,08%"
"22.07.2020","13,02","13,16","13,23","13,00","42,83M","-1,37%"
"21.07.2020","13,20","13,08","13,33","13,07","101,16M","2,77%"
"20.07.2020","12,85","12,83","12,94","12,72","48,37M","0,00%"
"17.07.2020","12,85","12,90","13,01","12,76","49,42M","0,09%"
"16.07.2020","12,84","13,09","13,15","12,72","69,01M","-45,00%"
"15.07.2020","23,34","23,20","23,43","22,85","58,11M","1,92%"
"14.07.2020","22,90","22,13","22,96","21,86","88,80M","3,34%"
"13.07.2020","22,16","22,61","22,65","22,16","54,70M","-1,55%"
"10.07.2020","22,51","22,19","22,65","22,06","56,92M","1,67%"
"09.07.2020","22,14","22,78","22,81","22,06","56,60M","-2,25%"
"08.07.2020","22,65","22,45","22,76","22,40","48,73M","1,89%"
"07.07.2020","22,23","22,34","22,47","22,14","46,33M","-1,24%"
"06.07.2020","22,51","22,39","22,86","22,31","57,60M","2,41%"
"03.07.2020","21,98","21,95","22,18","21,80","23,64M","-0,36%"
"02.07.2020","22,06","22,10","22,21","21,86","55,97M","1,61%"
"01.07.2020","21,71","21,75","22,25","21,52","78,53M","0,74%"
"30.06.2020","21,55","21,34","21,80","21,09","64,52M","-0,51%"
"29.06.2020","21,66","21,10","21,66","20,93","59,39M","3,93%"
"26.06.2020","20,84","21,21","21,47","20,78","54,47M","-2,93%"
"25.06.2020","21,47","20,91","21,47","20,73","46,88M","2,24%"
"24.06.2020","21,00","21,49","21,56","20,71","64,93M","-3,00%"
"23.06.2020","21,65","21,22","22,07","21,14","78,52M","3,34%"
"22.06.2020","20,95","21,60","21,60","20,90","44,56M","-2,42%"
"19.06.2020","21,47","22,00","22,22","21,22","90,35M","-0,60%"
"18.06.2020","21,60","21,18","21,77","21,08","56,62M","0,75%"
"17.06.2020","21,44","21,48","21,85","21,15","62,47M","0,33%"
"16.06.2020","21,37","21,56","21,91","21,17","94,17M","3,24%"
"15.06.2020","20,70","19,81","21,09","19,54","99,37M","0,49%"
"12.06.2020","20,60","20,62","21,17","20,10","116,29M","-3,74%"
"10.06.2020","21,40","21,89","21,90","21,00","102,04M","-1,47%"
"09.06.2020","21,72","22,03","22,04","21,64","95,48M","-3,60%"
"08.06.2020","22,53","22,55","22,59","22,01","81,48M","1,95%"
"05.06.2020","22,10","22,29","23,03","22,06","113,41M","3,13%"
"04.06.2020","21,43","21,39","21,78","21,04","106,93M","-0,19%"
"03.06.2020","21,47","21,86","21,91","21,41","85,62M","0,33%"
"02.06.2020","21,40","20,75","21,40","20,60","76,09M","5,26%"
"01.06.2020","20,33","20,15","20,56","20,00","86,10M","-0,05%"
"29.05.2020","20,34","19,55","20,34","19,30","127,22M","2,88%"
"28.05.2020","19,77","19,69","20,08","19,45","64,40M","-0,80%"
"27.05.2020","19,93","19,80","19,93","19,15","74,31M","1,32%"
"26.05.2020","19,67","19,98","20,09","19,33","68,29M","0,98%"
"25.05.2020","19,48","19,48","19,56","19,26","37,58M","4,34%"
"22.05.2020","18,67","18,80","18,90","18,35","68,84M","-2,71%"
"21.05.2020","19,19","19,50","19,77","19,07","80,92M","-0,57%"
"20.05.2020","19,30","19,09","19,44","19,06","74,12M","3,32%"
"19.05.2020","18,68","18,51","18,93","18,41","79,69M","0,76%"
"18.05.2020","18,54","18,10","18,54","17,92","116,00M","8,10%"
"15.05.2020","17,15","17,99","18,19","17,15","132,87M","-1,44%"
"14.05.2020","17,40","17,40","17,47","16,72","118,69M","-1,08%"
"13.05.2020","17,59","18,26","18,35","17,52","86,70M","-3,03%"
"12.05.2020","18,14","18,53","18,83","18,13","70,45M","-0,06%"
"11.05.2020","18,15","18,30","18,93","18,11","64,54M","-1,79%"
"08.05.2020","18,48","17,74","18,58","17,71","82,59M","5,96%"
"07.05.2020","17,44","17,75","17,87","17,35","80,91M","0,93%"
"06.05.2020","17,28","17,87","18,06","17,28","66,94M","-3,68%"
"05.05.2020","17,94","17,90","18,48","17,87","74,53M","3,22%"
"04.05.2020","17,38","17,43","17,62","17,18","59,67M","-3,71%"
"30.04.2020","18,05","17,98","18,42","17,70","79,40M","-0,82%"
"29.04.2020","18,20","17,80","18,48","17,53","94,05M","5,51%"
"28.04.2020","17,25","17,04","17,25","16,63","91,14M","4,86%"
"27.04.2020","16,45","16,14","16,53","15,78","85,57M","3,13%"
"24.04.2020","15,95","16,69","16,79","15,28","160,18M","-5,90%"
"23.04.2020","16,95","17,20","17,43","16,62","94,32M","1,19%"
"22.04.2020","16,75","15,85","16,75","15,78","114,26M","5,02%"
"20.04.2020","15,95","15,48","16,33","15,34","132,87M","-1,12%"
"17.04.2020","16,13","15,75","16,13","15,56","116,22M","2,61%"
"16.04.2020","15,72","16,67","16,76","15,53","113,22M","-4,03%"
"15.04.2020","16,38","16,04","16,47","15,86","86,29M","-2,09%"
"14.04.2020","16,73","17,02","17,30","16,61","90,49M","-1,18%"
"13.04.2020","16,93","16,82","17,09","16,33","93,26M","0,65%"
"09.04.2020","16,82","17,94","18,69","16,50","184,87M","-2,89%"
"08.04.2020","17,32","16,50","17,53","16,40","114,58M","5,61%"
"07.04.2020","16,40","16,61","17,07","16,34","139,72M","3,99%"
"06.04.2020","15,77","16,05","16,10","15,18","122,54M","2,80%"
"03.04.2020","15,34","16,30","16,36","14,93","142,01M","-1,10%"
"02.04.2020","15,51","15,40","16,55","15,01","233,81M","8,46%"
"01.04.2020","14,30","13,45","14,55","13,32","113,48M","2,22%"
"31.03.2020","13,99","13,60","14,54","13,60","155,31M","4,56%"
"30.03.2020","13,38","13,15","13,74","12,83","110,53M","0,60%"
"27.03.2020","13,30","13,30","13,69","13,25","100,33M","-7,57%"
"26.03.2020","14,39","14,40","15,19","13,81","129,59M","0,49%"
"25.03.2020","14,32","13,24","14,79","12,83","157,33M","8,08%"
"24.03.2020","13,25","12,57","13,54","12,28","113,40M","15,22%"
"23.03.2020","11,50","12,11","12,18","11,28","106,11M","-4,17%"
"20.03.2020","12,00","13,11","13,50","11,83","148,24M","-1,72%"
"19.03.2020","12,21","11,07","13,07","10,85","155,41M","8,15%"
"18.03.2020","11,29","11,79","12,29","10,87","161,41M","-13,15%"
"17.03.2020","13,00","13,60","13,84","13,00","148,05M","-0,69%"
"16.03.2020","13,09","12,91","14,10","12,55","125,35M","-15,00%"
"13.03.2020","15,40","15,10","15,40","12,70","173,05M","22,22%"
"12.03.2020","12,60","13,66","13,86","11,08","149,99M","-20,50%"
"11.03.2020","15,85","16,70","17,13","15,00","129,76M","-9,74%"
"10.03.2020","17,56","18,65","18,65","16,37","169,49M","9,41%"
"09.03.2020","16,05","17,81","18,23","15,41","252,82M","-29,70%"
"06.03.2020","22,83","24,10","24,13","22,55","138,60M","-9,73%"
"05.03.2020","25,29","26,33","26,67","24,71","69,72M","-5,95%"
"04.03.2020","26,89","26,91","26,94","26,24","42,32M","3,22%"
"03.03.2020","26,05","26,57","27,48","25,76","86,86M","-1,81%"
"02.03.2020","26,53","25,50","26,75","25,48","71,60M","4,70%"
"28.02.2020","25,34","25,16","25,56","24,62","89,10M","0,16%"
"27.02.2020","25,30","25,72","26,53","24,89","100,11M","-3,47%"
"26.02.2020","26,21","27,04","27,39","26,03","89,21M","-10,05%"
"21.02.2020","29,14","29,51","29,68","29,03","47,81M","-2,61%"
"20.02.2020","29,92","30,80","30,89","29,75","73,52M","-2,06%"
"19.02.2020","30,55","29,87","30,55","29,76","44,18M","2,69%"
"18.02.2020","29,75","29,06","29,77","28,95","33,89M","1,33%"
"17.02.2020","29,36","29,63","29,77","29,31","38,68M","-0,20%"
"14.02.2020","29,42","29,86","29,96","29,34","30,40M","-1,01%"
"13.02.2020","29,72","29,77","30,21","29,64","55,28M","-1,36%"
"12.02.2020","30,13","29,64","30,28","29,63","64,85M","2,20%"
"11.02.2020","29,48","29,40","29,63","29,26","37,52M","1,20%"
"10.02.2020","29,13","28,89","29,13","28,64","45,33M","0,69%"
"07.02.2020","28,93","29,00","29,35","28,73","54,51M","-0,86%"
"06.02.2020","29,18","28,70","29,51","28,12","126,11M","2,78%"
"05.02.2020","28,39","29,05","29,22","28,39","67,99M","-0,84%"
"04.02.2020","28,63","28,65","29,04","28,56","57,66M","1,60%"
"03.02.2020","28,18","28,52","28,73","28,16","39,45M","-0,95%"
"31.01.2020","28,45","28,63","28,84","28,31","55,45M","-1,69%"
"30.01.2020","28,94","28,28","29,04","28,18","44,27M","0,31%"
"29.01.2020","28,85","29,00","29,08","28,67","42,30M","0,17%"
"28.01.2020","28,80","28,43","29,14","28,42","47,26M","2,75%"
"27.01.2020","28,03","28,63","28,64","27,67","66,11M","-4,33%"
"24.01.2020","29,30","29,56","29,78","29,14","36,90M","-1,01%"
"23.01.2020","29,60","29,09","29,76","28,82","53,75M","1,06%"
"22.01.2020","29,29","29,73","29,81","29,27","32,49M","-1,11%"
"21.01.2020","29,62","29,80","29,94","29,55","28,58M","-1,27%"
"20.01.2020","30,00","29,70","30,10","29,65","31,24M","0,50%"
"17.01.2020","29,85","29,72","29,85","29,54","34,91M","1,12%"
"16.01.2020","29,52","29,60","29,70","29,33","29,00M","-0,10%"
"15.01.2020","29,55","29,90","29,93","29,54","34,41M","-1,50%"
"14.01.2020","30,00","30,23","30,27","29,77","39,80M","-1,09%"
"13.01.2020","30,33","30,35","30,43","30,21","30,68M","0,20%"
"10.01.2020","30,27","30,39","30,44","30,13","25,40M","-0,43%"
"09.01.2020","30,40","30,47","30,62","30,25","36,10M","-0,33%"
"08.01.2020","30,50","30,69","30,77","30,24","48,22M","-0,62%"
"07.01.2020","30,69","30,82","30,88","30,47","32,82M","-0,39%"
"06.01.2020","30,81","30,43","30,94","29,95","81,84M","1,18%"
"03.01.2020","30,45","30,88","31,24","30,45","71,60M","-0,81%"
"02.01.2020","30,70","30,51","30,70","30,31","37,77M","1,72%"